video_id,video_name,video_image_link,video_link,author_name,author_image_link,author_link
1,LEE SIN MONTAGE - BEST LEE SIN | Ez LoL Plays #966,https://i.ytimg.com/vi/TyRikFd7XLg/hq720.jpg?sqp=-oaymwEcCNAFEJQDSFXyq4qpAw4IARUAAIhCGAFwAcABBg==&rs=AOn4CLAbpmpiFtttrPJg5TxW3s027FISuQ,/watch?v=TyRikFd7XLg,Ez LoL Plays,https://yt3.ggpht.com/azCFME3K_-2Vp0kaZg3qLjwysWq6BUb8wSEV_gQr8c9TkdFxWSuIKFlh1vESOEOP6g12q8b5dlA=s68-c-k-c0x00ffffff-no-rj,/@EzLoLPlays
2,QR code ho·∫°t ƒë·ªông th·∫ø n√†o? Gi·∫£i th√≠ch si√™u d·ªÖ hi·ªÉu,https://i.ytimg.com/vi/v-eUWoHL5i4/hq720.jpg?sqp=-oaymwEcCNAFEJQDSFXyq4qpAw4IARUAAIhCGAFwAcABBg==&rs=AOn4CLDU9FdRFKBGrhbS8Fdb_qzLXNetsw,/watch?v=v-eUWoHL5i4,KI·∫æN TH·ª®C TH√ö V·ªä Official,https://yt3.ggpht.com/cfpW83i5yoWeevAFdmW7hiyzIccHQMTtjNMGm84vVv6SalXZA9PZUXRwbGdpXZapwnZ7-sNKNQ=s68-c-k-c0x00ffffff-no-rj,/@KienThucThuVi
3,"M·ªôt ng∆∞·ªùi ph·ª• n·ªØ th√≠ch NGO√ÅY TAI, h√£y xem ƒëi·ªÅu g√¨ x·∫£y ra v·ªõi X∆Ø∆†NG S·ªå c√¥ ·∫•y!?",https://i.ytimg.com/vi/5LFaHDRcUqU/hq720.jpg?sqp=-oaymwEcCNAFEJQDSFXyq4qpAw4IARUAAIhCGAFwAcABBg==&rs=AOn4CLAqEh17L2Xxq7xDfpDRrW3TzLEf9A,/watch?v=5LFaHDRcUqU,TACA CHANNEL NEW,https://yt3.ggpht.com/tEamkqKIL8AlMkyHPJZqDNV8qPT7bkkKX3BvBDq7zcvHoK8mFmdcDPVgSy3tqZeQDigjBKg9=s68-c-k-c0x00ffffff-no-rj,/@taca
4,Gi·∫£i th√≠ch to√†n b·ªô 50+ s·∫£n ph·∫©m c·ªßa Adobe trong 10 ph√∫t,https://i.ytimg.com/vi/7W0ISI3yqwo/hq720.jpg?sqp=-oaymwEcCNAFEJQDSFXyq4qpAw4IARUAAIhCGAFwAcABBg==&rs=AOn4CLD4WnboxPgXsfou853siJl-eX3jHQ,/watch?v=7W0ISI3yqwo,Humtog,https://yt3.ggpht.com/WjhprgIw8KZJnBbe02suZ9LFKWpL5zxmpvZAc0sykfFfKZy2-3cd1xzW8cV5WBbRc5IVgHtk=s68-c-k-c0x00ffffff-no-rj,/@Humtog
5,B√†i 6 8 H∆∞·ªõng d·∫´n c√†i ƒë·∫∑t chia s·∫ª d·ªØ li·ªáu NFS tr√™n Ubuntu,https://i.ytimg.com/vi/llpAuR2ZxjA/hq720.jpg?sqp=-oaymwE2CNAFEJQDSFXyq4qpAygIARUAAIhCGAFwAcABBvABAfgB_gmAAtAFigIMCAAQARh_IB0oWjAP&rs=AOn4CLAPnSMFbMuyyDmQGjvYWcUdSaLPgg,/watch?v=llpAuR2ZxjA,VGO Channel,https://yt3.ggpht.com/bZqYF_ZnW46ltDpdPSppMLO-GHRoFvQZFg4U4cBczqmIhcHbun-wjlhYIE3cepQMQZJIAbZGSQ=s68-c-k-c0x00ffffff-no-rj,/@vgochannel2447
6,√Çm nh·∫°c Chillstep d√†nh cho l·∫≠p tr√¨nh / M·∫°ng / M√£ h√≥a,https://i.ytimg.com/vi/M5QY2_8704o/hq720.jpg?sqp=-oaymwEcCNAFEJQDSFXyq4qpAw4IARUAAIhCGAFwAcABBg==&rs=AOn4CLCCEDQCh5uETjQQedkAdnWkI0_Rbg,/watch?v=M5QY2_8704o,Chill Music Lab,https://yt3.ggpht.com/f_0nh3pN7GbYA1YwkuEQjX1_lRLD9ZUk3EjexYSPuOiqN298ScOcNVgGFU-AHZSmg1Yy4diG=s68-c-k-c0x00ffffff-no-rj,/@MusicLabChill
7,How To Hack Any Website!,https://i.ytimg.com/vi/c1myxWvry1I/hq720.jpg?sqp=-oaymwEcCNAFEJQDSFXyq4qpAw4IARUAAIhCGAFwAcABBg==&rs=AOn4CLBF8cyrF38Sp2VUM1yghqP4v77GKQ,/watch?v=c1myxWvry1I,CyberFlow,https://yt3.ggpht.com/Pk1Bytz7vnGEb6WZDXn-flmTYHIjA3MiwiCLg2j8h43RgAWER9NxKrMbfjppQlMxhlQgSRNocQ=s68-c-k-c0x00ffffff-no-rj,/@CyberFlow10
8,T√¥i ƒë√£ code xong con app n√†y theo c√°ch nguuuuu nh·∫•t,https://i.ytimg.com/vi/PwJFhKFYEV4/hq720.jpg?sqp=-oaymwEcCNAFEJQDSFXyq4qpAw4IARUAAIhCGAFwAcABBg==&rs=AOn4CLAjDvglpegFD2rAyKXHdw9Tl7T9Tg,/watch?v=PwJFhKFYEV4,L·∫≠p tr√¨nh vi√™n TV,https://yt3.ggpht.com/ytc/AIdro_kpDB1GESb4SPmOn_fTGjvYObCmrA64Q2vosZYI=s68-c-k-c0x00ffffff-no-rj,/@laptrinhvien-tv
9,IRELIA TOP #1 BEST BUILD TO 1V9 EVERYONE (THIS IS PERFECTüëå) - S14 Irelia TOP Gameplay Guide,https://i.ytimg.com/vi/0xY207I80_0/hq720.jpg?sqp=-oaymwEcCNAFEJQDSFXyq4qpAw4IARUAAIhCGAFwAcABBg==&rs=AOn4CLBBqz19DZxBTz7aUPuU_RRjadFipw,/watch?v=0xY207I80_0,Daveyx3 Gameplay,https://yt3.ggpht.com/ytc/AIdro_k2kOh_Cd7Z6XtvbCB8OPT1FJXKxWcl8Q57RqPHIw=s68-c-k-c0x00ffffff-no-rj,/@Daveyx3Gameplay
10,How do Computer Keyboards Work? ü§î‚å®‚å®üõ†,https://i.ytimg.com/vi/h-NM1xSSzHQ/hq720.jpg?sqp=-oaymwEcCNAFEJQDSFXyq4qpAw4IARUAAIhCGAFwAcABBg==&rs=AOn4CLB2v6-UuBEmCj2wsfKD7Vjqh-4IKw,/watch?v=h-NM1xSSzHQ,Branch Education,https://yt3.ggpht.com/4toKBJKPsAfwxy2xfr_EQJ7CuHpLvZa4eux6T2TAf8EU25uH_G9gbUA9djqaCrTjkIESnPjzww=s68-c-k-c0x00ffffff-no-rj,/@BranchEducation
11,"Tattoo on Transparent ""Skin"" at 20,000fps - The Slow Mo Guys",https://i.ytimg.com/vi/BriPpne6Yt8/hq720.jpg?sqp=-oaymwEcCNAFEJQDSFXyq4qpAw4IARUAAIhCGAFwAcABBg==&rs=AOn4CLC_roV-ZHPJXItFk5UTpESP6E68DQ,/watch?v=BriPpne6Yt8,The Slow Mo Guys,https://yt3.ggpht.com/DvXC3kKXCYO7_RgMhvUZhsd53862bmGOksoFt_cXcMP1NzRP1mL5_gMaEMzR2EJAPxR90loxLA=s68-c-k-c0x00ffffff-no-rj,/@theslowmoguys
12,V√¨ sao b·∫°n s·∫Ω CH√ÅN GAME | Gi·∫£i M√£ B√≠ ·∫®n,https://i.ytimg.com/vi/SGzNkd0iYiw/hq720.jpg?sqp=-oaymwEcCNAFEJQDSFXyq4qpAw4IARUAAIhCGAFwAcABBg==&rs=AOn4CLAz4q72HsevfYCk6D4Znsts6fPS0Q,/watch?v=SGzNkd0iYiw,Game C·ª±c Hay,https://yt3.ggpht.com/rJXoQ0wJH2ZF7K2iWjTTsTLAWhL2yZwJ0XHZfUfCQDPyCEJy06o77_Se_g9Y_T6Ju-TWXbid=s68-c-k-c0x00ffffff-no-rj,/@GameCucHay
13,C√°ch g√µ cƒÉn b·∫≠c hai trong Chat GPT| B√πi Duy Ph∆∞∆°ng,https://i.ytimg.com/vi/MuvJTmnksP4/hq720.jpg?sqp=-oaymwEcCNAFEJQDSFXyq4qpAw4IARUAAIhCGAFwAcABBg==&rs=AOn4CLAPgYw9qO2Q533-2295s0QspvTkmA,/watch?v=MuvJTmnksP4,B√πi Duy Ph∆∞∆°ng ,https://yt3.ggpht.com/_khW1VrHACIlKvN6yfGUT8vCyitxfWtxDykqA0Rg5tDa5OA1_DvsmtZm3Y3nvf93YB-3NNsBwA=s68-c-k-c0x00ffffff-no-rj,/@buiduyphuong
14,Unknown,Unknown,Unknown,Unknown,https://lh6.googleusercontent.com/proxy/Cfi_8RukH0xp8AySvtEnITK8YXToCgxkSJqA4ksGWtR_QiaebYzRpIrm77U7m_GRLKGm53nVH3JpWnWSaIEmiZ3R0ow4bVsnv6peRr7thdauZ_iDj92yKMxvtvwwKsHXjQ=w1152-h603-s-nd,Unknown
15,S·∫Ω ra sao n·∫øu b·∫°n u·ªëng b√≤ h√∫c m·ªói ng√†y??,https://i.ytimg.com/vi/218tjeP3Tec/hq720.jpg?sqp=-oaymwEcCNAFEJQDSFXyq4qpAw4IARUAAIhCGAFwAcABBg==&rs=AOn4CLBE97AanzRzqDjkQ4MJVktCv85vDQ,/watch?v=218tjeP3Tec,KI·∫æN TH·ª®C TH√ö V·ªä Official,https://yt3.ggpht.com/cfpW83i5yoWeevAFdmW7hiyzIccHQMTtjNMGm84vVv6SalXZA9PZUXRwbGdpXZapwnZ7-sNKNQ=s68-c-k-c0x00ffffff-no-rj,/@KienThucThuVi
16,Is This Microsoft Excel?! Financial Statistics Dashboards System | Tutorial 1,https://i.ytimg.com/vi/z26zbiGJnd4/hq720.jpg?sqp=-oaymwEcCNAFEJQDSFXyq4qpAw4IARUAAIhCGAFwAcABBg==&rs=AOn4CLB4xMG39TyYpdUH4rgKWkHQY_bGGw,/watch?v=z26zbiGJnd4,Other Level‚Äôs,https://yt3.ggpht.com/7Oo3rNw86NdXN8sw5u_hd5QVxuXZlFBkYT4ISln1MjPoZOdGiDG8zl8ztRS-rmaxesgklxQX0w=s68-c-k-c0x00ffffff-no-rj,/@OtherLevels
17,How the Roman Legion Turned Men into Warriors,https://i.ytimg.com/vi/hUmnnx-NIow/hq720.jpg?sqp=-oaymwEcCNAFEJQDSFXyq4qpAw4IARUAAIhCGAFwAcABBg==&rs=AOn4CLDGqb9xZ_VoWj_8WJtUFegthZJmrw,/watch?v=hUmnnx-NIow,The Infographics Show,https://yt3.ggpht.com/ytc/AIdro_lDsZcZerAMpYOWBpK3gfGLNSneT_DUPA1hbJnqNg=s68-c-k-c0x00ffffff-no-rj,/@TheInfographicsShow
18,VAYNE MONTAGE - BEST VAYNE,https://i.ytimg.com/vi/SlOz4OfCPYE/hq720.jpg?sqp=-oaymwEcCNAFEJQDSFXyq4qpAw4IARUAAIhCGAFwAcABBg==&rs=AOn4CLANe1-BQSm-KYnbZvVg4f7ZHyDfaA,/watch?v=SlOz4OfCPYE,League of Legends GGWP,https://yt3.ggpht.com/ytc/AIdro_nxS2shFAXlaiEiRMx_F2-6vC95q9lgVbOEHScdSw=s68-c-k-c0x00ffffff-no-rj,/@leagueoflegendsggwp8993
19,Why Neural Networks can learn (almost) anything,https://i.ytimg.com/vi/0QczhVg5HaI/hq720.jpg?sqp=-oaymwEcCNAFEJQDSFXyq4qpAw4IARUAAIhCGAFwAcABBg==&rs=AOn4CLCEyV2KbdfMb2gkdG9j9MJvgn0AVQ,/watch?v=0QczhVg5HaI,Emergent Garden,https://yt3.ggpht.com/-GGMPF3bZ17hdl0e9p30CmZftWYT0KsDyx5-ZDlDhoxWnDcHUoHDiWIlZGqvKbjjUuDf6jOe7w4=s68-c-k-c0x00ffffff-no-rj,/@EmergentGarden
20,ƒê·∫°i Chi·∫øn 1000 Con Ki·∫øn Vs. 1000 Con Gi√°n C·ª±c Gay C·∫•n V√† C√°i K·∫øt || Review Gi·∫£i Tr√≠ ƒê·ªùi S·ªëng,https://i.ytimg.com/vi/eqn-dZrAtt8/hq720.jpg?sqp=-oaymwEcCNAFEJQDSFXyq4qpAw4IARUAAIhCGAFwAcABBg==&rs=AOn4CLCkeLKY0tK_JPDah7o7S6gqt4njCQ,/watch?v=eqn-dZrAtt8,B√∫n ƒê·∫≠u REVIEW,https://yt3.ggpht.com/1pSlSrK_Xhn5HJ_NBMuMfK_vZlE5JGMjCKjX4l9UeCFmIVorCKCVBMFgpcdPxql0pWXGAmPZYLU=s68-c-k-c0x00ffffff-no-rj,/@bundaureview26
21,"Difference between cookies, session and tokens",https://i.ytimg.com/vi/GhrvZ5nUWNg/hq720.jpg?sqp=-oaymwEcCNAFEJQDSFXyq4qpAw4IARUAAIhCGAFwAcABBg==&rs=AOn4CLBGZzPigWyF_us_YDMrobgrooXpsg,/watch?v=GhrvZ5nUWNg,Valentin Despa,https://yt3.ggpht.com/ytc/AIdro_luZDRRIoffdbQ0DgP4h3qyy2_G-_5Ec1dOu_KJ=s68-c-k-c0x00ffffff-no-rj,/@vdespa
22,The other day I wanted to close Eclipse because it was still running in Linux. Poor Explanation.,https://i.ytimg.com/vi/_WcKxRfTPGU/hq720.jpg?sqp=-oaymwE2CNAFEJQDSFXyq4qpAygIARUAAIhCGAFwAcABBvABAfgBtgiAAtAFigIMCAAQARgvIBMofzAP&rs=AOn4CLAwklpDTidsaSGsePaLTAHSPziRDw,/watch?v=_WcKxRfTPGU,Angry Math Dude,https://yt3.ggpht.com/ytc/AIdro_nguFCtP20ebLr4TCmtGouYLYKMbvun-Mu7a89X=s68-c-k-c0x00ffffff-no-rj,/@angrymathdude
23,LEVI CH∆†I VAYNE URF MAX TANK L√ôA C·∫¢ TEAM ƒê·ªäCH T·ª™ TR∆Ø·ªúNG ƒê·∫æN NH√Ä,https://i.ytimg.com/vi/sVxY66Yl3k8/hq720.jpg?sqp=-oaymwEcCNAFEJQDSFXyq4qpAw4IARUAAIhCGAFwAcABBg==&rs=AOn4CLD5hlf_pKw99DdEQCJoYIUzMwhm4g,/watch?v=sVxY66Yl3k8,Levi,https://yt3.ggpht.com/4ffrJrze6zBmxEfzUhR3TqYXBHWU_O6sii9jILfUdMbd8HhBAtk7CYeBEM-fp_S6RYu81Szsnw=s68-c-k-c0x00ffffff-no-rj,/@Levi97
24,T·ª™NG L√Ä - V≈® C√ÅT T∆Ø·ªúNG | OFFICIAL,https://i.ytimg.com/vi/i4qZmKSFYvI/hq720.jpg?sqp=-oaymwEcCNAFEJQDSFXyq4qpAw4IARUAAIhCGAFwAcABBg==&rs=AOn4CLCmx1LPZSvxkbLdTxAfb6qHWtNebQ,/watch?v=i4qZmKSFYvI,V≈© C√°t T∆∞·ªùng,https://yt3.ggpht.com/br23Jc2atHD7MCMo3C5IZ6MQiXRFPy3TgAQHOzp0-wkQ5P3qkFRNVbE-ZpPezMr9vOaww-x9mA=s88-c-k-c0x00ffffff-no-rj,/channel/UCNQ8-stqtL73X53HAj7iEWg
25,Unknown,Unknown,Unknown,Unknown,Unknown,Unknown
26,Master Data Cleaning Essentials on Excel in Just 10 Minutes,Unknown,/watch?v=jxq4-KSB_OA,Kenji Explains,Unknown,/@KenjiExplains
27,Why do YouTube views freeze at 301?,Unknown,/watch?v=oIkhgagvrjI,Numberphile,Unknown,/@numberphile
28,programming war crimes 2,https://i.ytimg.com/vi/WtwneW2s2bo/hqdefault.jpg?sqp=-oaymwE2COADEI4CSFXyq4qpAygIARUAAIhCGAFwAcABBvABAfgB_gmAAtAFigIMCAAQARhMIGUoWTAP&rs=AOn4CLD3hFXS_qxr4MlngaOTg19noE5alA,/watch?v=WtwneW2s2bo,elseif,https://yt3.ggpht.com/fZggFs8x7u7bYVkHx_EhjSvmnXPdaWP62szK0VBxB70tMW3snA07cy7sryJn6b9zh7Orno96Vw=s68-c-k-c0x00ffffff-no-rj,/@else1f
29,How to put an HTML website online (on the Internet),https://i.ytimg.com/vi/p1QU3kLFPdg/hq720.jpg?sqp=-oaymwEcCNAFEJQDSFXyq4qpAw4IARUAAIhCGAFwAcABBg==&rs=AOn4CLCnxuRiVlwwfIWUI0t-nSFxwCq7Rg,/watch?v=p1QU3kLFPdg,SuperSimpleDev,https://yt3.ggpht.com/ytc/AIdro_lo7frJrQelk7ZoksQrrVv422x8wbH1cQiMf-nw=s68-c-k-c0x00ffffff-no-rj,/@SuperSimpleDev
30,Quy tr√¨nh s·∫£n xu·∫•t m√°y m√†i v√† m√°y khoan ƒëi·ªán. Nh√† m√°y s·∫£n xu·∫•t h√†ng lo·∫°t d·ª•ng c·ª• ƒëi·ªán H√†n Qu·ªëc,https://i.ytimg.com/vi/v46NmQ1YCqg/hq720.jpg?sqp=-oaymwEcCNAFEJQDSFXyq4qpAw4IARUAAIhCGAFwAcABBg==&rs=AOn4CLDTxY5Mz8hkYAH9Qpe9AdHAFPOsDA,/watch?v=v46NmQ1YCqg,All process of world,https://yt3.ggpht.com/Wa3D6BnqVoMOlUlZm0l2agdTzTUBtfRYJu7Z8CpzWCIBF64P7VDfnwmLppdcvWDKJDZp9iUlyw=s68-c-k-c0x00ffffff-no-rj,/@Allprocessofworld
31,Nvidia CUDA in 100 Seconds,https://i.ytimg.com/vi/pPStdjuYzSI/hq720.jpg?sqp=-oaymwEcCNAFEJQDSFXyq4qpAw4IARUAAIhCGAFwAcABBg==&rs=AOn4CLAGQkTdBnrLkqQoNw4rAyBhzdhLVw,/watch?v=pPStdjuYzSI,Fireship,https://yt3.ggpht.com/ytc/AIdro_ltOWCZT10fChupyd1atupxII0RoP97CwYGr0Gphw=s68-c-k-c0x00ffffff-no-rj,/@Fireship
32,Unknown,Unknown,Unknown,Unknown,https://lh4.googleusercontent.com/proxy/99VgSgjw8kFDVmOfDiL52NQJLQOgQAkIVOBAHDVcMwZwZ2fvvtKCQUqLLnfQQHu96HTnKeHeGphpBuJ3MFW7IvNBBDq-049MjA3-MmhUJpWClI1G0s36RERC8fI-A8FJIpY=w1152-h603-s-nd,Unknown
33,N·ª£ c√¥ng l√† g√¨? N·∫øu Qu·ªëc gia v·ª° n·ª£ th√¨ s·∫Ω ra sao?,https://i.ytimg.com/vi/ASV7U9AQt3g/hq720.jpg?sqp=-oaymwEcCNAFEJQDSFXyq4qpAw4IARUAAIhCGAFwAcABBg==&rs=AOn4CLBVVLzOkkZp6O5OmuCUjwcHGfWzng,/watch?v=ASV7U9AQt3g,KI·∫æN TH·ª®C TH√ö V·ªä Official,https://yt3.ggpht.com/cfpW83i5yoWeevAFdmW7hiyzIccHQMTtjNMGm84vVv6SalXZA9PZUXRwbGdpXZapwnZ7-sNKNQ=s68-c-k-c0x00ffffff-no-rj,/@KienThucThuVi
34,MISS FORTUNE MONTAGE - ONE SHOT,https://i.ytimg.com/vi/H0MTdT-RC7A/hqdefault.jpg?sqp=-oaymwEcCOADEI4CSFXyq4qpAw4IARUAAIhCGAFwAcABBg==&rs=AOn4CLB4PDePiDxjpLXjwL5FLDu7MXns_g,/watch?v=H0MTdT-RC7A,Lolga Spotlight,https://yt3.ggpht.com/tET5ArSfyI1su2PtDlCP8_xkLrVYdtAnZaIvcHVw2szsj9MEwsjbakMsUUS5F4wEETtGdD2X=s68-c-k-c0x00ffffff-no-rj,/@LolGaSpotlight
35,Total War Battle Tactics - Triplex Acies [Total War Rome 2 ~ Divide et Impera] #4,https://i.ytimg.com/vi/gypltavoswE/hq720.jpg?sqp=-oaymwEcCNAFEJQDSFXyq4qpAw4IARUAAIhCGAFwAcABBg==&rs=AOn4CLBppKsyo0J6MrePoWl3_hU-ccEwig,/watch?v=gypltavoswE,Toxborg,https://yt3.ggpht.com/t6k6BqS8pOSVWEEkmFbyAxmJJFbRcC9PSqJsfNrXDDGfnUGdcVEHcsPdB8zwvH0NdaDySUvP=s68-c-k-c0x00ffffff-no-rj,/@Toxborg
36,"B·∫øn Th∆∞·ª£ng H·∫£i-L∆∞u ƒê·ª©c Hoa „Ää‰∏äÊµ∑Êª©-ÂàòÂæ∑Âçé„Äã""‰∏äÊµ∑Êª©-ÂàòÂæ∑Âçé&Âº†ÂõΩËç£"" #benthuonghai #‰∏äÊµ∑Êª©ÂàòÂæ∑Âçé #Âº†ÂõΩËç£",https://i.ytimg.com/vi/LIf5jZrDx28/hq720.jpg?sqp=-oaymwEcCNAFEJQDSFXyq4qpAw4IARUAAIhCGAFwAcABBg==&rs=AOn4CLDFg616zPnC9WgkRL5uAbnYeJgp0w,/watch?v=LIf5jZrDx28,Fu Ming Yin Yue,https://yt3.ggpht.com/72Mjdy27IZvcVXHuudb5uLZ1a9jlCN_4NtkgTvW7LoJYCsxh08nRf8Z6ZFm4pOEMTe0QUI1TCA=s68-c-k-c0x00ffffff-no-rj,/@FuMingYinYue
37,Most Popular Operating Systems (Desktop & Laptops) 1978 - 2023,Unknown,/watch?v=B7fVOW-zNQI,Alternative Wars,Unknown,/@AlternativeWars
38,A Secret Weapon for Predicting Outcomes: The Binomial Distribution,Unknown,/watch?v=6YzrVUVO9M0,Primer,Unknown,/@PrimerBlobs
39,Reduce Prototypes by 50% (Simple trick) | Figma Tutorial,Unknown,/watch?v=5GzLA_JkZ14,Mizko,Unknown,/@Mizko
40,"S·ª± Th·∫≠t Kh·ªßng Khi·∫øp Khi·∫øn B·∫°n Lu√¥n M·ªát M·ªèi, Kh√≥ Ch·ªãu v√† U·ªÉ O·∫£i",https://i.ytimg.com/vi/TieHbsepD4Y/hq720.jpg?sqp=-oaymwEcCNAFEJQDSFXyq4qpAw4IARUAAIhCGAFwAcABBg==&rs=AOn4CLDUUBQ3RhttOOm1QKxcHME1b8_BgQ,/watch?v=TieHbsepD4Y,Web5ngay,https://yt3.ggpht.com/ZYl6-p5lP1Ub-g-uj7yIHt8d3iZULOdXNpeAa4kWPi2a7ro_4AezoXc_6UBcXT6v6171tFkxjXQ=s68-c-k-c0x00ffffff-no-rj,/@Web5Ngay
41,"Tr·ª±c Ti·∫øp Game HUMANKIND #1 BOM T·∫§N GAME CHI·∫æN THU·∫¨T 2021, PH√ÅT TRI·ªÇN VƒÇN MINH NH√ÇN LO·∫†I !!!",https://i.ytimg.com/vi/VKVe6akflA8/hq720.jpg?sqp=-oaymwEcCNAFEJQDSFXyq4qpAw4IARUAAIhCGAFwAcABBg==&rs=AOn4CLDKtcZuDyNXdX7tl6MlHi87gJwjcw,/watch?v=VKVe6akflA8,Vua Tr√≤ Ch∆°i,https://yt3.ggpht.com/5Bptz-5xAHAtLN-l6akBrUYcFIJzbYaodiGQv7IVi-tZUobjQ9zthLyEE1btQXoBLygrCwmoaA=s68-c-k-c0x00ffffff-no-rj,/@VuaTroChoiOfficial
42,Bohemian Rhapsody - But every lyric is an AI generated image,https://i.ytimg.com/vi/-_VYGvHpED8/hq720.jpg?sqp=-oaymwEcCNAFEJQDSFXyq4qpAw4IARUAAIhCGAFwAcABBg==&rs=AOn4CLALdRdXSZlfhzdNy_xHiweEOtMlwA,/watch?v=-_VYGvHpED8,SolarProphet,https://yt3.ggpht.com/FYfc5wdYDW7J4PfSqagQ4OvSUKIhSG-FNDXpH19Yfb2Mzh9xdLtn0jdnJWllqhoAagA_J6WA=s68-c-k-c0x00ffffff-no-rj,/@solarprophet9973
43,"Configuring CISCO Switch at work | CISCO commands, real world best practice",https://i.ytimg.com/vi/rbIr-nNAMKY/hq720.jpg?sqp=-oaymwEcCNAFEJQDSFXyq4qpAw4IARUAAIhCGAFwAcABBg==&rs=AOn4CLCr99K_WQmviNnAzN5C9_8dshix1Q,/watch?v=rbIr-nNAMKY,East Charmer,https://yt3.ggpht.com/MlEfkvSbjzKzv3rvV616o2Iv0WMXMrvVACtlFQebEmnawrlNXJmipMmG0B_NDkA9kKOigBWvEg=s68-c-k-c0x00ffffff-no-rj,/@EastCharmer
44,Learn C memory addresses in 7 minutes üì¨,https://i.ytimg.com/vi/1KVpi0VN82E/hq720.jpg?sqp=-oaymwEcCNAFEJQDSFXyq4qpAw4IARUAAIhCGAFwAcABBg==&rs=AOn4CLB3__DbGJDC76YPK28JTYyRv3IWnA,/watch?v=1KVpi0VN82E,Bro Code,https://yt3.ggpht.com/ytc/AIdro_nLqPcwW74ZC3x9-aHt0xdsKl2UYaBVTijraYjHLw=s68-c-k-c0x00ffffff-no-rj,/@BroCodez
45,Extremely Hard Ping Pong,https://i.ytimg.com/vi/R9yMa8yQSNo/hq720.jpg?sqp=-oaymwEcCNAFEJQDSFXyq4qpAw4IARUAAIhCGAFwAcABBg==&rs=AOn4CLAoKhX3I5jsK_dv8U6nyWBUkZGMPw,/watch?v=R9yMa8yQSNo,Pongfinity,https://yt3.ggpht.com/ytc/AIdro_kfOJcPw7oP4HKMNZsj0RYJaAgIQrIuR2pQgk0sKQ=s68-c-k-c0x00ffffff-no-rj,/@Pongfinity
46,ƒê·∫ßu t∆∞ c∆° b·∫£n P.1 - Th·ªã tr∆∞·ªùng ho·∫°t ƒë·ªông nh∆∞ th·∫ø n√†o? | Gerard Do | TI·ªÄN T√ÄI,https://i.ytimg.com/vi/l9WWED8dNuw/hq720.jpg?sqp=-oaymwEcCNAFEJQDSFXyq4qpAw4IARUAAIhCGAFwAcABBg==&rs=AOn4CLDRw6irYVr97A4t4wp_VrFbDacAuw,/watch?v=l9WWED8dNuw,Spiderum,https://yt3.ggpht.com/ZOyJphQwhaODGKYg9oOKMg6sYgShZL6yC4TJMM6eHIk9o5sh9KBkHYtnYQbTWQ15r3Kv98cK7w=s68-c-k-c0x00ffffff-no-rj,/@Spiderum
47,2024 MIT Integration Bee - Finals,https://i.ytimg.com/vi/dyfLMHGnPR0/hqdefault.jpg?sqp=-oaymwEcCOADEI4CSFXyq4qpAw4IARUAAIhCGAFwAcABBg==&rs=AOn4CLDgpf2yWRrpmv2SgwmYVoS7QcwlQQ,/watch?v=dyfLMHGnPR0,MIT Integration Bee,https://yt3.ggpht.com/XW4V8KktxrqJbjMVMF5EbICRG1BN1qmqp_5mxsyycrEls8yUTmapYQQ-FQY5YSbHEK7ijq9T=s68-c-k-c0x00ffffff-no-rj,/@mitintegrationbee
48,"t·∫°o m·ªôt ƒë√†i AM ƒë∆°n gi·∫£n, thu t·∫•t c·∫£ c√°c ƒë√†i ph√°t thanh qu·ªëc t·∫ø",https://i.ytimg.com/vi/1mkBbEErS20/hq720.jpg?sqp=-oaymwEcCNAFEJQDSFXyq4qpAw4IARUAAIhCGAFwAcABBg==&rs=AOn4CLCM_YvTklwWrGHjj94vIy9DFF3aBQ,/watch?v=1mkBbEErS20,inventor KR,https://yt3.ggpht.com/pfvAxyCi_rVCsiSq2g155ST-esWONPoMufjjoJZr3x-xXaKdDc1z2B3W418pGLc-cbR3maAZKKo=s68-c-k-c0x00ffffff-no-rj,/@inventorkr1
49,C√≥ Nh·ªØng Ng√†y B√¨nh Y√™n ƒê·∫øn L·∫° - Nh·ªØng B·∫£n Acoustic Nh·∫π Nh√†ng Th∆∞ Gi√£n,Unknown,/watch?v=uRgBZ-YuSik,TaLaGio,Unknown,/@TaLaGio
50,H∆Ø·ªöNG D·∫™N ƒêI ƒê∆Ø·ªúNG V·ªöI SAMIRA B·∫¢N 13.13 | KH√îNG S·ª¢ K·∫∫ TH√ô M·∫†NH CH·ªà S·ª¢ K·∫∫ TH√ô ƒê√îNG √ÅC | SLAYDER,Unknown,/watch?v=BoZeZg3dd3w,Slayder,Unknown,/@Slayderlol
51,NGUY HI·ªÇM: L·ª´a ƒë·∫£o t·ªëng ti·ªÅn ki·ªÉu g√°i g·ªçi free,Unknown,/watch?v=HgI3kgEQkww,KI·∫æN TH·ª®C TH√ö V·ªä Official,Unknown,/@KienThucThuVi
52,"Network Protocols - ARP, FTP, SMTP, HTTP, SSL, TLS, HTTPS, DNS, DHCP - Networking Fundamentals - L6",https://i.ytimg.com/vi/E5bSumTAHZE/hq720.jpg?sqp=-oaymwEcCNAFEJQDSFXyq4qpAw4IARUAAIhCGAFwAcABBg==&rs=AOn4CLDQgoB-D_1qPDaAh6ztnVwsZQO1ug,/watch?v=E5bSumTAHZE,Practical Networking,https://yt3.ggpht.com/ytc/AIdro_mk7L11V2qk-YPgmhsGJxsWNmhD8iV4PB-NwZVX=s68-c-k-c0x00ffffff-no-rj,/@PracticalNetworking
53,"50,000,000x Magnification",https://i.ytimg.com/vi/eYVNZgnQ8gE/hq720.jpg?sqp=-oaymwEcCNAFEJQDSFXyq4qpAw4IARUAAIhCGAFwAcABBg==&rs=AOn4CLBffmygRUaTP5a6R6Q7Wijyd4w3sw,/watch?v=eYVNZgnQ8gE,AlphaPhoenix,https://yt3.ggpht.com/ytc/AIdro_kBEaPqUMjyPDVjVXSrxGwT393bPkKb1t1paL_fAA=s68-c-k-c0x00ffffff-no-rj,/@AlphaPhoenixChannel
54,Python vs C++ Speed Comparison,https://i.ytimg.com/vi/VioxsWYzoJk/hq720.jpg?sqp=-oaymwEcCNAFEJQDSFXyq4qpAw4IARUAAIhCGAFwAcABBg==&rs=AOn4CLDmiR6Tqa6IixHD_U5fTq3lSRncKQ,/watch?v=VioxsWYzoJk,The Builder,https://yt3.ggpht.com/1DyjhKRfJVK3bbkqXOghVho-F7Z4uFyfMlyvBNROOtjxJ5b7vWH0oeUgCaXeVztli-Mj_HTbaw=s68-c-k-c0x00ffffff-no-rj,/@TheBuilder
55,The Secret to Irelking‚Äôs Godlike Irelia,https://i.ytimg.com/vi/Lk_7xLAhGAA/hq720.jpg?sqp=-oaymwEcCNAFEJQDSFXyq4qpAw4IARUAAIhCGAFwAcABBg==&rs=AOn4CLA_Oan9A2AQYokavRI3n6UOJwcKNQ,/watch?v=Lk_7xLAhGAA,LoL Dobby,https://yt3.ggpht.com/ytc/AIdro_kVuDgdXDklsLNmTcKpEkcO2Ot3O8S-7Y_p0hDC=s68-c-k-c0x00ffffff-no-rj,/@LoLDobby
56,4 NG∆Ø·ªúI B·ªä N.HI.·ªÑM PH.√ìNG X.·∫† N·∫∂.NG NH·∫§T TH·∫æ GI·ªöI,https://i.ytimg.com/vi/PH7JXht47Po/hq720.jpg?sqp=-oaymwEcCNAFEJQDSFXyq4qpAw4IARUAAIhCGAFwAcABBg==&rs=AOn4CLCtB2Rx3J0kKXQk0QYCT4QTLmhpnQ,/watch?v=PH7JXht47Po,TACA CHANNEL NEW,https://yt3.ggpht.com/tEamkqKIL8AlMkyHPJZqDNV8qPT7bkkKX3BvBDq7zcvHoK8mFmdcDPVgSy3tqZeQDigjBKg9=s68-c-k-c0x00ffffff-no-rj,/@taca
57,peaceful piano radio üéπ - music to focus/study to,https://i.ytimg.com/vi/vMxYL4Cj85Y/hq720_live.jpg?sqp=CPSi568G-oaymwEcCNAFEJQDSFXyq4qpAw4IARUAAIhCGAFwAcABBg==&rs=AOn4CLAY-n8Kl07xH7oRpDsAPNLPQb8NCg,/watch?v=vMxYL4Cj85Y,Lofi Girl,https://yt3.ggpht.com/M0eY1tfgiwuyqrSlWIkzf5-6RZSARiuChjpXyZe-hfl9C2fn-I4leLtxKAqYqGZv_FgE4u5TKQ=s68-c-k-c0x00ffffff-no-rj,/@LofiGirl
58,Nick ƒë·∫ßu ti√™n c·ªßa Gunny PC full m·ªçi th·ª© bao g·ªìm t·ªëc ƒë·ªô v√† 4 nh·∫´n 10 | Gunny zing pc - ƒê·ª©c Anh Gunny,https://i.ytimg.com/vi/Vtsp8GtbgDk/hqdefault.jpg?sqp=-oaymwEcCOADEI4CSFXyq4qpAw4IARUAAIhCGAFwAcABBg==&rs=AOn4CLCfWZElaKp2y4-6PmPn0o6wqOqhBQ,/watch?v=Vtsp8GtbgDk,ƒê·ª©c Anh,https://yt3.ggpht.com/ytc/AIdro_lb2ZT4VT3sk-rSSgjrCM5CIE9GS6pAwoGQ1vgAIQ=s68-c-k-c0x00ffffff-no-rj,/@ucAnhgunny1102
59,ƒê√†n √¥ng K√åM N√âN C·∫¢M X√öC th√¨ s·∫Ω ra sao? ‚Äî MANCHESTER BY THE SEA,https://i.ytimg.com/vi/R3qurX33P54/hq720.jpg?sqp=-oaymwEcCNAFEJQDSFXyq4qpAw4IARUAAIhCGAFwAcABBg==&rs=AOn4CLBxuCdRvNMnHb8_RIWNggvhiZA6Yg,/watch?v=R3qurX33P54,Ph√™ Phim,https://yt3.ggpht.com/ytc/AIdro_nehkaC45euxx1llom26wGGGe4j_ytJURqMcTgr8w=s68-c-k-c0x00ffffff-no-rj,/@PhePhim
60,"#657 Kh√¥ng Ph·∫£i Con Ng∆∞·ªùi, Ki·∫øn M·ªõi L√† N·ªÅn VƒÉn Minh L·ªõn Nh·∫•t Th·∫ø Gi·ªõi!",https://i.ytimg.com/vi/TflOCARzRj0/hq720.jpg?sqp=-oaymwEcCNAFEJQDSFXyq4qpAw4IARUAAIhCGAFwAcABBg==&rs=AOn4CLAP9q3MwbyGSV1aNoLVnWrXNl6XoQ,/watch?v=TflOCARzRj0,VFacts,https://yt3.ggpht.com/9co04zoiYoI89XmPLLgceevzkPBRQFb1HQCgDYEyoYJIQ-A0Qdz8eTSOZqGsSTimhd_CwjDp6Q=s68-c-k-c0x00ffffff-no-rj,/@VFacts
61,[ Shiye ] Kalista Montage - Best Kalista Plays 2023,https://i.ytimg.com/vi/TfMiajUSziA/hq720.jpg?sqp=-oaymwEcCNAFEJQDSFXyq4qpAw4IARUAAIhCGAFwAcABBg==&rs=AOn4CLB46q0z-rh-ypPk6dQ6SCwTgRUDmw,/watch?v=TfMiajUSziA,Libra CN LOL ,https://yt3.ggpht.com/BvW31gDMkZkR9cCxLcv65ilow-DKIFVZTCuyVt6dVMJ77Jau80LVHksvXq6kAPCMEDlqDwaCnuE=s68-c-k-c0x00ffffff-no-rj,/@libracnlol
62,How To Get What You Want Every Time: ex FBI agent Chris Voss,https://i.ytimg.com/vi/c5dmmWl5jTY/hq720.jpg?sqp=-oaymwEcCNAFEJQDSFXyq4qpAw4IARUAAIhCGAFwAcABBg==&rs=AOn4CLBBaY-6MuFyjL48eRw7bkjyGIUtkQ,/watch?v=c5dmmWl5jTY,LITTLE BIT BETTER,https://yt3.ggpht.com/Hb-bQ4zKFpuPF5YeXkI97LaD8uKVQMOtGF0CEKS7hoRUvvs-HTX1BngKvdT27xak9TzIOBby9AY=s68-c-k-c0x00ffffff-no-rj,/@littlebitbetter7
63,‚úîÔ∏è Gi·∫£i th√≠ch v·ªÅ Ch·ªß Nghƒ©a T∆∞ B·∫£n d·ªÖ hi·ªÉu nh·∫•t,https://i.ytimg.com/vi/BOfT-qIUCJI/hq720.jpg?sqp=-oaymwEcCNAFEJQDSFXyq4qpAw4IARUAAIhCGAFwAcABBg==&rs=AOn4CLCEjLsN8xGgYmkv4sHztZsAS-1iSQ,/watch?v=BOfT-qIUCJI,KI·∫æN TH·ª®C TH√ö V·ªä Official,https://yt3.ggpht.com/cfpW83i5yoWeevAFdmW7hiyzIccHQMTtjNMGm84vVv6SalXZA9PZUXRwbGdpXZapwnZ7-sNKNQ=s68-c-k-c0x00ffffff-no-rj,/@KienThucThuVi
64,Performance APIs - C√°ch s√¢u s·∫Øc ƒë·ªÉ tƒÉng t·ªëc hi·ªáu su·∫•t Backend n√™n tri·ªÉn khai trong d·ª± √°n,https://i.ytimg.com/vi/_MtfJwJW7lc/hq720.jpg?sqp=-oaymwEcCNAFEJQDSFXyq4qpAw4IARUAAIhCGAFwAcABBg==&rs=AOn4CLDpP9vXbmTMSSpsFvEjKufre3__Hw,/watch?v=_MtfJwJW7lc,Tips Javascript,https://yt3.ggpht.com/s4D5gas-4LeopWK7Lu8rENA4HKyRDKeAZbOZ1GDbuLpJlfXEe4aIasQl3nlHmCHkxg0uaQK5=s68-c-k-c0x00ffffff-no-rj,/@anonystick
65,Ethical Hacking Full Course with Real Practicals [11 Hours],https://i.ytimg.com/vi/LdswpIlMbxw/hq720.jpg?sqp=-oaymwEcCNAFEJQDSFXyq4qpAw4IARUAAIhCGAFwAcABBg==&rs=AOn4CLDd_PGsVZ2luCjec--YVMOQe7zZaw,/watch?v=LdswpIlMbxw,LearnLadder ,https://yt3.ggpht.com/m617tGiLgTiddneT35tC4n1mXLvyitMScQh0JSyA3pr8Aqig6unShT4PaLPHAi-utZTSD0nbqw=s68-c-k-c0x00ffffff-no-rj,/@LearnLadder16
66,JHIN MONTAGE - AD CARRY | Ez LoL Plays #1001,https://i.ytimg.com/vi/_GP9FQ4wyI0/hq720.jpg?sqp=-oaymwEcCNAFEJQDSFXyq4qpAw4IARUAAIhCGAFwAcABBg==&rs=AOn4CLCfjcxVl3h_7woTyfiAjbMiI57w_Q,/watch?v=_GP9FQ4wyI0,Ez LoL Plays,https://yt3.ggpht.com/azCFME3K_-2Vp0kaZg3qLjwysWq6BUb8wSEV_gQr8c9TkdFxWSuIKFlh1vESOEOP6g12q8b5dlA=s68-c-k-c0x00ffffff-no-rj,/@EzLoLPlays
67,ƒêI·ªÄU G√å ƒê√É T·∫†O N√äN CU·ªòC ƒê·∫†I SUY THO√ÅI? V√å SAO KH·ª¶NG HO·∫¢NG KINH T·∫æ 2008 ƒê√É THAY ƒê·ªîI C·∫¢ TH·∫æ GI·ªöI?,https://i.ytimg.com/vi/2jI5wTXQ8-A/hq720.jpg?sqp=-oaymwEcCNAFEJQDSFXyq4qpAw4IARUAAIhCGAFwAcABBg==&rs=AOn4CLCAm5xWfzlHfdKyJv-kRqMlFT-qQw,/watch?v=2jI5wTXQ8-A,H·ªçc vi·ªán B√≤ v√† G·∫•u,https://yt3.ggpht.com/NRzihPsB2UewzfY3GZJsLP8avf2uNLQPVo_VPJCOzmRFazsawgOrufjfGUkVpin1TRSoZFE=s68-c-k-c0x00ffffff-no-rj,/@HocvienBovaGau
68,T√¢m th·∫ßn ph√¢n li·ªát l√† nh∆∞ th·∫ø n√†o? | SAMURICE,https://i.ytimg.com/vi/q6kZv3GSFT4/hq720.jpg?sqp=-oaymwEcCNAFEJQDSFXyq4qpAw4IARUAAIhCGAFwAcABBg==&rs=AOn4CLCPiy5Wihn8iEsyH6EG2w08iK0HNw,/watch?v=q6kZv3GSFT4,SAMURICE,https://yt3.ggpht.com/1mteRyDgIqb5wziVNzUO06ePik0n7fIuqohUhh8oqFcs67z7QuaETQOReRle_GyapvOYWakCtQ=s68-c-k-c0x00ffffff-no-rj,/@thesamurice
69,QU·ª∂ ƒê√Å GATUS VS ANH M·ª∞C | FULL 3 GAME SOLO GI·ªÆA 2 BOY ONE CHAMP VI·ªÜT NAM,https://i.ytimg.com/vi/9G6511dm39E/hq720.jpg?sqp=-oaymwEcCNAFEJQDSFXyq4qpAw4IARUAAIhCGAFwAcABBg==&rs=AOn4CLAkiglhdp_qkCTleJvsao7dvr7Jgg,/watch?v=9G6511dm39E,Kin v√† Qu·ª∑ Ki·∫øm Darkin,https://yt3.ggpht.com/UgektrvdnCde5Eoy8-rfO-jxi4qv6LTCwm-CTxDlp2kr6zmSS9pjCY0U1-KvV9SN6WQXZWMRWA=s68-c-k-c0x00ffffff-no-rj,/@kinvaquykiemdarkin
70,[THPT] S·∫°n c·ªßa BON BON - Ch·ª©ng minh kh√¥ng t·ªìn t·∫°i nguy√™n h√†m,https://i.ytimg.com/vi/sEuwQvahUdo/hqdefault.jpg?sqp=-oaymwEcCOADEI4CSFXyq4qpAw4IARUAAIhCGAFwAcABBg==&rs=AOn4CLBLPg1Yj7_9JV0uKMRhIOtZMmHrbg,/watch?v=sEuwQvahUdo,Epsilon v·ªõi To√°n Th∆∞·ªùng Th·ª©c,https://yt3.ggpht.com/4TZdxfdfRg7HRsAhYUM-UMNWrkwiupSL_CmO5JZJi75AxCIrxEXn_2jlX3xa1z_476bjV8MAqw=s68-c-k-c0x00ffffff-no-rj,/@akile
71,GACHA RATE 0% V√† C√ö L·ª™A L·ªõn Nh·∫•t L·ªãch S·ª≠ C·ªßa Maple Story,https://i.ytimg.com/vi/EPtDX9asvLo/hq720.jpg?sqp=-oaymwEcCNAFEJQDSFXyq4qpAw4IARUAAIhCGAFwAcABBg==&rs=AOn4CLBpWIekhR8_HdlzfN3ZNpsdsULq_w,/watch?v=EPtDX9asvLo,Game C·ª±c Hay,https://yt3.ggpht.com/rJXoQ0wJH2ZF7K2iWjTTsTLAWhL2yZwJ0XHZfUfCQDPyCEJy06o77_Se_g9Y_T6Ju-TWXbid=s68-c-k-c0x00ffffff-no-rj,/@GameCucHay
72,Winning Facebook (Meta) Hacker Cup Qual Round 2022?,https://i.ytimg.com/vi/wh3pz18qC70/hq720.jpg?sqp=-oaymwEcCNAFEJQDSFXyq4qpAw4IARUAAIhCGAFwAcABBg==&rs=AOn4CLD2WTwbq_t7jrSX5Q9ZUo6RN7Dogg,/watch?v=wh3pz18qC70,Neal Wu,https://yt3.ggpht.com/ytc/AIdro_m0zNDa4iEtERE6XNnVX3DIlj7jRo5FJeldqQqJT2k=s68-c-k-c0x00ffffff-no-rj,/@NealWuProgramming
73,"YES, its possible - Daily Routine at C1 (Advanced) Level of English!",https://i.ytimg.com/vi/hUFj6sbOiPA/hq720.jpg?sqp=-oaymwEcCNAFEJQDSFXyq4qpAw4IARUAAIhCGAFwAcABBg==&rs=AOn4CLB1k909zNTcI7QLEnsAeAuZ6sWGoQ,/watch?v=hUFj6sbOiPA,English with Lucy,https://yt3.ggpht.com/ytc/AIdro_njipALJrEQeCbDxELfhz4jzmZHa5rDAhasasHP-w=s68-c-k-c0x00ffffff-no-rj,/@EnglishwithLucy
74,Why cant you put metal in a microwave? - Aaron Slepkov,https://i.ytimg.com/vi/ZExGV6jSuBw/hq720.jpg?sqp=-oaymwEcCNAFEJQDSFXyq4qpAw4IARUAAIhCGAFwAcABBg==&rs=AOn4CLBwSWjK2DBdTXZqWaGmxOgp2Q94cg,/watch?v=ZExGV6jSuBw,TED-Ed,https://yt3.ggpht.com/HjXKmDGoAp6b-JdGYpqJYYeN4S_CMpD_kqWvldpN53cbzn-i73t6mVNo8mNki-xLPwi0BVSFi-o=s68-c-k-c0x00ffffff-no-rj,/@TEDEd
75,Whats inside a .EXE File?,https://i.ytimg.com/vi/-ojciptvVtY/hq720.jpg?sqp=-oaymwEcCNAFEJQDSFXyq4qpAw4IARUAAIhCGAFwAcABBg==&rs=AOn4CLDnPYMgghVsqjPp2MpKpUKtsy6TQA,/watch?v=-ojciptvVtY,Inkbox,https://yt3.ggpht.com/LijcydDoIalcEzCFwZ7X_dRV-AN4UGGe8QTq5V_BZJuQnpEq-E-V8eXaaKe8jxd7ks4N1wAWyLs=s68-c-k-c0x00ffffff-no-rj,/@InkboxSoftware
76,"T√¥i x·∫øp h·∫°ng t∆∞·ªõng trong URF part 5 (ko, ko c√≥ ph·∫ßn 6 ƒë√¢u)",https://i.ytimg.com/vi/a111AiwuTn8/hq720.jpg?sqp=-oaymwEcCNAFEJQDSFXyq4qpAw4IARUAAIhCGAFwAcABBg==&rs=AOn4CLAnYlFa0PuJTLIfjtDOrkpvmJKxsg,/watch?v=a111AiwuTn8,Rumple Not Rumble,https://yt3.ggpht.com/ytc/AIdro_n5-AcbhMrPK5zxfEHCSeOIPoCH6vMlTkmps-IG5A=s68-c-k-c0x00ffffff-no-rj,/@RumpleNotRumble
77,IPsec Explained,https://i.ytimg.com/vi/xTH1ZA_qUvA/hq720.jpg?sqp=-oaymwEcCNAFEJQDSFXyq4qpAw4IARUAAIhCGAFwAcABBg==&rs=AOn4CLAVYHl0v0m5_Ov3kTzc1-K9UO51Bg,/watch?v=xTH1ZA_qUvA,PowerCert Animated Videos,https://yt3.ggpht.com/ytc/AIdro_kming_n3cf1PrVaUiyPAvDCUBkPhklBmdd4PBKdQ=s68-c-k-c0x00ffffff-no-rj,/@PowerCertAnimatedVideos
78,"C√≥ g√¨ b√™n trong N√ÉO c·ªßa m·ªôt ng∆∞·ªùi m·∫Øc ch·ª©ng OCD? ""B·ªánh s·∫°ch s·∫Ω""",https://i.ytimg.com/vi/c7Cawfp8_lA/hq720.jpg?sqp=-oaymwEcCNAFEJQDSFXyq4qpAw4IARUAAIhCGAFwAcABBg==&rs=AOn4CLB1_ddDtCcx7-vNg-IoD3mVGWVKxQ,/watch?v=c7Cawfp8_lA,TACA CHANNEL NEW,https://yt3.ggpht.com/tEamkqKIL8AlMkyHPJZqDNV8qPT7bkkKX3BvBDq7zcvHoK8mFmdcDPVgSy3tqZeQDigjBKg9=s68-c-k-c0x00ffffff-no-rj,/@taca
79,5G l√† g√¨? - Hi·ªÉu r√µ v·ªÅ 5G trong 5 ph√∫t,https://i.ytimg.com/vi/Yo0bBSqrOOw/hq720.jpg?sqp=-oaymwEcCNAFEJQDSFXyq4qpAw4IARUAAIhCGAFwAcABBg==&rs=AOn4CLAXrWU1EVG9ShK6WjNGCmNUsB2KPg,/watch?v=Yo0bBSqrOOw,KI·∫æN TH·ª®C TH√ö V·ªä Official,https://yt3.ggpht.com/cfpW83i5yoWeevAFdmW7hiyzIccHQMTtjNMGm84vVv6SalXZA9PZUXRwbGdpXZapwnZ7-sNKNQ=s68-c-k-c0x00ffffff-no-rj,/@KienThucThuVi
80,What I Learned after 5000 Hours of Studying,https://i.ytimg.com/vi/u2Ogza-n3i0/hqdefault.jpg?sqp=-oaymwEcCOADEI4CSFXyq4qpAw4IARUAAIhCGAFwAcABBg==&rs=AOn4CLCFE5Y1m_UWo_Rnx6jVqctSOX84jw,/watch?v=u2Ogza-n3i0,Justin Sung,https://yt3.ggpht.com/7LmThgyvpXFIsHz55HdRti7ln4lLAvRfXreIyRSxH4ipiLdTfio5sTW97sC7sOP-gvHp4olRt-w=s68-c-k-c0x00ffffff-no-rj,/@JustinSung
81,T√ÄI NƒÇNG TR·∫∫ 2K7  LAZYFEEL V√Ä GI√ÅO √ÅN SMOLDER B·∫§T T·ª¨ KHI·∫æN ƒê·ªòI B·∫†N B·∫§T L·ª∞C,https://i.ytimg.com/vi/qXSC7roL_f4/hq720.jpg?sqp=-oaymwEcCNAFEJQDSFXyq4qpAw4IARUAAIhCGAFwAcABBg==&rs=AOn4CLDbOJ7CCZptRgbQXvDPYUhgiFcwaA,/watch?v=qXSC7roL_f4,VƒÉn T√πng,https://yt3.ggpht.com/ytc/AIdro_n3pkAZimhFhj2j2QsWgA0mecysiVALAcO-XfKTmA=s68-c-k-c0x00ffffff-no-rj,/@VanTung
82,Menene Cloud da Cloud computing?,https://i.ytimg.com/vi/jhMcOUo4SFg/hqdefault.jpg?sqp=-oaymwEcCOADEI4CSFXyq4qpAw4IARUAAIhCGAFwAcABBg==&rs=AOn4CLBqpMzR5Q7HsU37PggLQ5YV8Nmi_Q,/watch?v=jhMcOUo4SFg,Adnan_Techy,https://yt3.ggpht.com/nM3MUOobmsBOtyQHIKtKDR_Yod2OQgkKcmMw1do7k_uosdEO7N7zLdpTS8vwkdOGJiahUUpl=s68-c-k-c0x00ffffff-no-rj,/@adnan_techy
83,Learn Django in 20 Minutes!!,https://i.ytimg.com/vi/nGIg40xs9e4/hq720.jpg?sqp=-oaymwEcCNAFEJQDSFXyq4qpAw4IARUAAIhCGAFwAcABBg==&rs=AOn4CLCnRVc5kxZsqGWlsI_PteQO1V9Hgw,/watch?v=nGIg40xs9e4,Tech With Tim,https://yt3.ggpht.com/ytc/AIdro_ntb70baqDzwAibFdBVBeG8OmYK61YJoykUJK4XGA=s68-c-k-c0x00ffffff-no-rj,/@TechWithTim
84,[ 3Q C·ªß H√†nh ] B·ªô 3 Series A ƒê·∫°i Chi·∫øn Team Top 1 | Bo3 200k C·ªß | - Ai S·∫Ω L√† Vua C·ªß H√†nh ?,https://i.ytimg.com/vi/DlCtj8TJXy0/hq720.jpg?sqp=-oaymwEcCNAFEJQDSFXyq4qpAw4IARUAAIhCGAFwAcABBg==&rs=AOn4CLBOK0BKLBqopdTm_CB1F_ul1oFPJQ,/watch?v=DlCtj8TJXy0,Bi ·ªêc,https://yt3.ggpht.com/Njh37WWc4n1mmLWZZ4Zb16PyguLmFi36_aD_aKVwX4tc57kNrs9RrNJAW2P3FcR-xqboRSNXBA=s68-c-k-c0x00ffffff-no-rj,/@3qbioc
85,100+ JavaScript Concepts you Need to Know,https://i.ytimg.com/vi/lkIFF4maKMU/hq720.jpg?sqp=-oaymwEcCNAFEJQDSFXyq4qpAw4IARUAAIhCGAFwAcABBg==&rs=AOn4CLCD02NWYyJdKE6SNaqS6_Rx8oQfdw,/watch?v=lkIFF4maKMU,Fireship,https://yt3.ggpht.com/ytc/AIdro_ltOWCZT10fChupyd1atupxII0RoP97CwYGr0Gphw=s68-c-k-c0x00ffffff-no-rj,/@Fireship
86,How does Bluetooth Work?,https://i.ytimg.com/vi/1I1vxu5qIUM/hq720.jpg?sqp=-oaymwEcCNAFEJQDSFXyq4qpAw4IARUAAIhCGAFwAcABBg==&rs=AOn4CLBTDdGQ3WXI9uTuNEZHqTonl4FzZw,/watch?v=1I1vxu5qIUM,Branch Education,https://yt3.ggpht.com/4toKBJKPsAfwxy2xfr_EQJ7CuHpLvZa4eux6T2TAf8EU25uH_G9gbUA9djqaCrTjkIESnPjzww=s68-c-k-c0x00ffffff-no-rj,/@BranchEducation
87,M·∫πo LIGHTROOM Ng∆∞·ªùi PRO Bi·∫øt M√† B·∫†N TH√å KH√îNG,https://i.ytimg.com/vi/kC-mW_Z9rEs/hq720.jpg?sqp=-oaymwEcCNAFEJQDSFXyq4qpAw4IARUAAIhCGAFwAcABBg==&rs=AOn4CLC1RRXAQwCpCGgmkVJh1D6mlIdVyw,/watch?v=kC-mW_Z9rEs,We90s Team,https://yt3.ggpht.com/ytc/AIdro_kHgxrDmGDbzE89qpwcgGEkbjbB00ZxsMsJEVjb6w=s68-c-k-c0x00ffffff-no-rj,/@We90sTeam
88,"Update LMHT: Chi ti·∫øt qu√° tr√¨nh Riot ƒëi·ªÅu tra b√°n ƒë·ªô ·ªü VCS nh∆∞ phim, Full b·ªô k·ªπ nƒÉng Skarner l√†m l·∫°i",https://i.ytimg.com/vi/xqiwNb8qEM0/hq720.jpg?sqp=-oaymwEcCNAFEJQDSFXyq4qpAw4IARUAAIhCGAFwAcABBg==&rs=AOn4CLD2zcZZqSPE5z8_cYew40pCVE6VAQ,/watch?v=xqiwNb8qEM0,XTV Esports,https://yt3.ggpht.com/ytc/AIdro_le5se4KpJUSMNYlNgX81mCW2Ca0N4WK9YbR306=s68-c-k-c0x00ffffff-no-rj,/@XTVEsports
89,Socket Programming Basics Presentation,https://i.ytimg.com/vi/eVYsIolL2gE/hqdefault.jpg?sqp=-oaymwEcCOADEI4CSFXyq4qpAw4IARUAAIhCGAFwAcABBg==&rs=AOn4CLBiU0hATskbT9SR_1-QAhQaElH4Tg,/watch?v=eVYsIolL2gE,TheSecurityTube,https://yt3.ggpht.com/ytc/AIdro_kMxv0_HgpaxSbbMy-rAswa1Gg7wy8ee3YQZlg=s68-c-k-c0x00ffffff-no-rj,/@TheSecurityTube
90,M·∫∑t tr√°i c·ªßa t√¥n gi√°o trong DUNE (X·ª© C√°t) | H·∫£i Stark (d·ªãch) | Gi·∫£i tr√≠,https://i.ytimg.com/vi/rI3wyCG-sa8/hq720.jpg?sqp=-oaymwEcCNAFEJQDSFXyq4qpAw4IARUAAIhCGAFwAcABBg==&rs=AOn4CLA7TKKY0PIELKXVd-Dm2KGuCzYjkQ,/watch?v=rI3wyCG-sa8,Spiderum,https://yt3.ggpht.com/ZOyJphQwhaODGKYg9oOKMg6sYgShZL6yC4TJMM6eHIk9o5sh9KBkHYtnYQbTWQ15r3Kv98cK7w=s68-c-k-c0x00ffffff-no-rj,/@Spiderum
91,"Gi·∫£i th√≠ch ""thao t√∫ng ti·ªÅn t·ªá"" d·ªÖ hi·ªÉu nh·∫•t  - Trung Qu·ªëc h·∫° gi√° nh√¢n d√¢n t·ªá l√†m g√¨?",https://i.ytimg.com/vi/B5HwlkmRisc/hq720.jpg?sqp=-oaymwEcCNAFEJQDSFXyq4qpAw4IARUAAIhCGAFwAcABBg==&rs=AOn4CLD1c9DZXyq0ala5Ftvzhlhc3RPbNw,/watch?v=B5HwlkmRisc,KI·∫æN TH·ª®C TH√ö V·ªä Official,https://yt3.ggpht.com/cfpW83i5yoWeevAFdmW7hiyzIccHQMTtjNMGm84vVv6SalXZA9PZUXRwbGdpXZapwnZ7-sNKNQ=s68-c-k-c0x00ffffff-no-rj,/@KienThucThuVi
92,T·ªïng h·ª£p Full L·ªô Tr√¨nh v√† c√°c C√¥ng Ngh·ªá Web n√™n h·ªçc nƒÉm 2024,https://i.ytimg.com/vi/T1BpaUpLzzA/hq720.jpg?sqp=-oaymwEcCNAFEJQDSFXyq4qpAw4IARUAAIhCGAFwAcABBg==&rs=AOn4CLALNriqsYxH6KONVsJHaGxFTboeaQ,/watch?v=T1BpaUpLzzA,Ph·∫°m Huy Ho√†ng,https://yt3.ggpht.com/ytc/AIdro_nuaWHMvrQg4USBtRzTefM7NQSHRrGMiaUmgy4szw=s68-c-k-c0x00ffffff-no-rj,/@toidicodedaoblog
93,üôèüèªGODS  T1 FAKER version (ÌéòÏù¥Ïª§Î≤ÑÏ†Ñ) [ MV - GODS : NewJeans ],https://i.ytimg.com/vi/qYMNiF3mW98/hq720.jpg?sqp=-oaymwEcCNAFEJQDSFXyq4qpAw4IARUAAIhCGAFwAcABBg==&rs=AOn4CLDdmqh2TrOe0AdaLWEjo4K3aUoYGw,/watch?v=qYMNiF3mW98,Near by,https://yt3.ggpht.com/iYeQTMyGs2a0h57lFpRmWC465xR6BRE4NiQJaMjEaE9JSwqcD_iWR5pWp4yuwBr7uSahqfBCrg=s68-c-k-c0x00ffffff-no-rj,/@nearby1827
94,6 Ways to Get People to Respect You (Avoid Being Taken Advantage Of),https://i.ytimg.com/vi/mq1xzQlUxFc/hq720.jpg?sqp=-oaymwEcCNAFEJQDSFXyq4qpAw4IARUAAIhCGAFwAcABBg==&rs=AOn4CLBWlb-XbVtCM-UQU1bJqqfaf5Wpzg,/watch?v=mq1xzQlUxFc,Psych2Go,https://yt3.ggpht.com/BltR1cUsO-aMzH-gkdlf5Buqt7s0fM60yqGiFFyEwiIHjn-IWESwv485hvK38OAPGEvAPTWIAg=s68-c-k-c0x00ffffff-no-rj,/@Psych2go
95,Nh·ªØng T·ª±a Game Ch·ªâ ƒê∆∞·ª£c Ch∆°i M·ªòT L·∫¶N,https://i.ytimg.com/vi/k5C3e8Ecfps/hq720.jpg?sqp=-oaymwEcCNAFEJQDSFXyq4qpAw4IARUAAIhCGAFwAcABBg==&rs=AOn4CLDj2_D86VCcrIGaYoQnSaPb4iOuyQ,/watch?v=k5C3e8Ecfps,Game C·ª±c Hay,https://yt3.ggpht.com/rJXoQ0wJH2ZF7K2iWjTTsTLAWhL2yZwJ0XHZfUfCQDPyCEJy06o77_Se_g9Y_T6Ju-TWXbid=s68-c-k-c0x00ffffff-no-rj,/@GameCucHay
96,CAITLYN MONTAGE - BEST PLAYS,https://i.ytimg.com/vi/EwePccxMRYM/hqdefault.jpg?sqp=-oaymwEcCOADEI4CSFXyq4qpAw4IARUAAIhCGAFwAcABBg==&rs=AOn4CLDuFxpeD_PAJYNW51e4vcTif2vQUw,/watch?v=EwePccxMRYM,Lolga Spotlight,https://yt3.ggpht.com/tET5ArSfyI1su2PtDlCP8_xkLrVYdtAnZaIvcHVw2szsj9MEwsjbakMsUUS5F4wEETtGdD2X=s68-c-k-c0x00ffffff-no-rj,/@LolGaSpotlight
97,How to subnet | Network Fundamentals,https://i.ytimg.com/vi/vd-l88FtntI/hq720.jpg?sqp=-oaymwEcCNAFEJQDSFXyq4qpAw4IARUAAIhCGAFwAcABBg==&rs=AOn4CLCl0WQA8gWfsXGZLaPXjKOQzBeIFQ,/watch?v=vd-l88FtntI,Hel,https://yt3.ggpht.com/iuUftk7iz7TqgaGu2g0zJ1Qf93VMkZRQi-Ekj8HDq6Ou7dUdc6-WKqR56T9YwERwAoF7Z-yanbQ=s68-c-k-c0x00ffffff-no-rj,/@helsnetwork
98,C·ªï phi·∫øu l√† g√¨? - Gi·∫£i th√≠ch r√µ r√†ng v√† d·ªÖ hi·ªÉu nh·∫•t,https://i.ytimg.com/vi/omE6TeY0Xvc/hq720.jpg?sqp=-oaymwEcCNAFEJQDSFXyq4qpAw4IARUAAIhCGAFwAcABBg==&rs=AOn4CLDNoHs23UCZItc2v5KB-cKIXueiTw,/watch?v=omE6TeY0Xvc,KI·∫æN TH·ª®C TH√ö V·ªä Official,https://yt3.ggpht.com/cfpW83i5yoWeevAFdmW7hiyzIccHQMTtjNMGm84vVv6SalXZA9PZUXRwbGdpXZapwnZ7-sNKNQ=s68-c-k-c0x00ffffff-no-rj,/@KienThucThuVi
99,12 VS Code Extensions to INCREASE Productivity 2024,https://i.ytimg.com/vi/1UyQaR8pvjk/hq720.jpg?sqp=-oaymwEcCNAFEJQDSFXyq4qpAw4IARUAAIhCGAFwAcABBg==&rs=AOn4CLB-i43hwFt9iNm1z4ehRzQ9nNxEJQ,/watch?v=1UyQaR8pvjk,Devression,https://yt3.ggpht.com/F68s9YkLMppzv2eNJtfZTN_D0SxFkukO6AZK5-3qQI-7eFDyr3n7X5379a5VUzjT0F9ezVEcx3w=s68-c-k-c0x00ffffff-no-rj,/@dev_ression
100,ƒê·∫°o h√†m v√† ·ª©ng d·ª•ng,https://i.ytimg.com/vi/G-RHtYVanqE/hq720.jpg?sqp=-oaymwEcCNAFEJQDSFXyq4qpAw4IARUAAIhCGAFwAcABBg==&rs=AOn4CLDluharG_vot9pBKPTUOC-CjMW_Ag,/watch?v=G-RHtYVanqE,Khoa H·ªçc v√† Ch√∫ng Ta,https://yt3.ggpht.com/ytc/AIdro_mNdoLPOCaW6BvBHLQS99HaCob-b4eXIKxinubT=s68-c-k-c0x00ffffff-no-rj,/@KhoaHocvaChungTa
101,TANK JUNGLE ASHE IS THE NEW META,https://i.ytimg.com/vi/bxi08xNH7b8/hq720.jpg?sqp=-oaymwEcCNAFEJQDSFXyq4qpAw4IARUAAIhCGAFwAcABBg==&rs=AOn4CLB72PEIKriCACYAx8hwGRhRHt2XGw,/watch?v=bxi08xNH7b8,Piantwo,https://yt3.ggpht.com/J-j7V11EqLXokzphyxMCak3HVG1iqx-pGYh4sDmfoxYfWqTAeBeCTXu19V18tql0lz3CVRcq-g=s68-c-k-c0x00ffffff-no-rj,/@Piantwo
102,The AI War Has Begun! Every Google I/O AI Announcement (Supercut),https://i.ytimg.com/vi/Y9i3OIMitRQ/hq720.jpg?sqp=-oaymwEcCNAFEJQDSFXyq4qpAw4IARUAAIhCGAFwAcABBg==&rs=AOn4CLBThdkFN_k6O65W63zg7-GnYhnX9Q,/watch?v=Y9i3OIMitRQ,Ticker Symbol: YOU,https://yt3.ggpht.com/pieBvgdwVeRwjv46gqZrR7gUAr1k_2FwdEUG7p3wfIXFX-qxt_bBtcFkHMUCi-b3n1YDOvoKdjs=s68-c-k-c0x00ffffff-no-rj,/@TickerSymbolYOU
103,Top 10 Hacking Tools In Kali Linux You Must Know.,https://i.ytimg.com/vi/e67eJvfd9SE/hqdefault.jpg?sqp=-oaymwEcCOADEI4CSFXyq4qpAw4IARUAAIhCGAFwAcABBg==&rs=AOn4CLDwQoT25kvkbW7UBj8Sgpwge8AzbQ,/watch?v=e67eJvfd9SE,Zilox,https://yt3.ggpht.com/ZIaoygkd_JXSdYqBkNi2f_KbeV5UfVa3F_68T9odJOCbfShyh_YxiffVXDEzlxKaYxTLoUJVbw=s68-c-k-c0x00ffffff-no-rj,/@z1l0x
104,Computer Scientist Explains Machine Learning in 5 Levels of Difficulty | WIRED,https://i.ytimg.com/vi/5q87K1WaoFI/hq720.jpg?sqp=-oaymwEcCNAFEJQDSFXyq4qpAw4IARUAAIhCGAFwAcABBg==&rs=AOn4CLD3S-BahtZ-5PXR1SRawiWkXbcD0g,/watch?v=5q87K1WaoFI,WIRED,https://yt3.ggpht.com/8Xk2ooxiEdQvOOLucacv-q-hiHtSEZmNzNLefrG_Rx8gNG-oAovRbWG3_qAhqffTPqdcKtgMxA=s68-c-k-c0x00ffffff-no-rj,/@WIRED
105,B·∫ßu c·ª≠ T·ªïng th·ªëng M·ªπ di·ªÖn ra th·∫ø n√†o? - Hi·ªÉu r√µ trong 5 ph√∫t,https://i.ytimg.com/vi/m45TBatTnI0/hq720.jpg?sqp=-oaymwEcCNAFEJQDSFXyq4qpAw4IARUAAIhCGAFwAcABBg==&rs=AOn4CLDX6mq5rHiqbFSOSD7jJZyV8AlsCQ,/watch?v=m45TBatTnI0,KI·∫æN TH·ª®C TH√ö V·ªä Official,https://yt3.ggpht.com/cfpW83i5yoWeevAFdmW7hiyzIccHQMTtjNMGm84vVv6SalXZA9PZUXRwbGdpXZapwnZ7-sNKNQ=s68-c-k-c0x00ffffff-no-rj,/@KienThucThuVi
106,20 System Design Concepts Explained in 10 Minutes,https://i.ytimg.com/vi/i53Gi_K3o7I/hq720.jpg?sqp=-oaymwEcCNAFEJQDSFXyq4qpAw4IARUAAIhCGAFwAcABBg==&rs=AOn4CLDt0nifP2fquL_uweCDjAt3VLJlAw,/watch?v=i53Gi_K3o7I,NeetCode,https://yt3.ggpht.com/FqiGBOsNpeWbNw20ULboW0jy88JdpqFO9a-YRJ0C2oc4lZ8uoHYJ38PWSkrjdC_zQgNW9pGU=s68-c-k-c0x00ffffff-no-rj,/@NeetCode
107,RANK 1 IRELIA KR - IRELKING IRELIA VS DARIUS TOP | KR CHALLENGER PATCH 14.1,https://i.ytimg.com/vi/KnxtHW4rXeg/hq720.jpg?sqp=-oaymwEcCNAFEJQDSFXyq4qpAw4IARUAAIhCGAFwAcABBg==&rs=AOn4CLA6YCWA8Uy9I6xa3EHmHpqIvvkxVg,/watch?v=KnxtHW4rXeg,Watch LOL,https://yt3.ggpht.com/25qed3wz5YQqjUlbDRZNFFJ1FvG0psZ26XgQgEFH4Nf2CTE5mA_wg1MefPW6QJXrgsvMrNMy=s68-c-k-c0x00ffffff-no-rj,/@WhatchLOL
108,KAISA MONTAGE - BEST PLAYS S14 | Ez LoL Plays #992,https://i.ytimg.com/vi/c27qPWaMAHo/hq720.jpg?sqp=-oaymwEcCNAFEJQDSFXyq4qpAw4IARUAAIhCGAFwAcABBg==&rs=AOn4CLCpoTfv0g8mn6BfzccUpg2rXU2lFA,/watch?v=c27qPWaMAHo,Ez LoL Plays,https://yt3.ggpht.com/azCFME3K_-2Vp0kaZg3qLjwysWq6BUb8wSEV_gQr8c9TkdFxWSuIKFlh1vESOEOP6g12q8b5dlA=s68-c-k-c0x00ffffff-no-rj,/@EzLoLPlays
109,SYNDRA MONTAGE - DELETE,https://i.ytimg.com/vi/YLLrhxGn36w/hqdefault.jpg?sqp=-oaymwEcCOADEI4CSFXyq4qpAw4IARUAAIhCGAFwAcABBg==&rs=AOn4CLBO07A-h27d-qpIAkKSYCmCHetSXA,/watch?v=YLLrhxGn36w,Lolga Spotlight,https://yt3.ggpht.com/tET5ArSfyI1su2PtDlCP8_xkLrVYdtAnZaIvcHVw2szsj9MEwsjbakMsUUS5F4wEETtGdD2X=s68-c-k-c0x00ffffff-no-rj,/@LolGaSpotlight
110,Tr√†o ng∆∞·ª£c d·∫° d√†y l√† g√¨? Hi·ªÉu ngay trong 5 ph√∫t,https://i.ytimg.com/vi/3ZXNdNObSt0/hq720.jpg?sqp=-oaymwEcCNAFEJQDSFXyq4qpAw4IARUAAIhCGAFwAcABBg==&rs=AOn4CLBtqXsGT9I46MEVWcK-TrOYN0BF8g,/watch?v=3ZXNdNObSt0,KI·∫æN TH·ª®C TH√ö V·ªä Official,https://yt3.ggpht.com/cfpW83i5yoWeevAFdmW7hiyzIccHQMTtjNMGm84vVv6SalXZA9PZUXRwbGdpXZapwnZ7-sNKNQ=s68-c-k-c0x00ffffff-no-rj,/@KienThucThuVi
111,BeiFeng : UNRANK to Challenger Day 3 - Engsub,https://i.ytimg.com/vi/sbIJjFA-JFg/hq720.jpg?sqp=-oaymwEcCNAFEJQDSFXyq4qpAw4IARUAAIhCGAFwAcABBg==&rs=AOn4CLCyGhIXrMxg8rarXg2gFeSRnmX4hw,/watch?v=sbIJjFA-JFg,Libra CN LOL ,https://yt3.ggpht.com/BvW31gDMkZkR9cCxLcv65ilow-DKIFVZTCuyVt6dVMJ77Jau80LVHksvXq6kAPCMEDlqDwaCnuE=s68-c-k-c0x00ffffff-no-rj,/@libracnlol
112,(Yiwei) 20/3 Rank Vi·ªát,https://i.ytimg.com/vi/LJjk9sQvtgs/hq720_live.jpg?sqp=CPSi568G-oaymwEcCNAFEJQDSFXyq4qpAw4IARUAAIhCGAFwAcABBg==&rs=AOn4CLAJBVPPfczWq2RQdqxAIHwn5SsY-g,/watch?v=LJjk9sQvtgs,Yiwei,https://yt3.ggpht.com/FlKy0DHiepaP3VzrvS7L2rQIF9ppLOqjDFC5oRw9-4EzUG4pqZ2OjGj5C0y-TdklQE48JBP_Jg=s68-c-k-c0x00ffffff-no-rj,/@Yiwei_04.29
113,AMUMU SI√äU TO KH·ªîNG L·ªí 120 S·ªê QUY·ªÄN NƒÇNG PHI TH∆Ø·ªúNG | EM CH√à,https://i.ytimg.com/vi/yyFxcTvBBu8/hqdefault.jpg?sqp=-oaymwEcCOADEI4CSFXyq4qpAw4IARUAAIhCGAFwAcABBg==&rs=AOn4CLD52dlpJeW9QsK99snX2pm042byBg,/watch?v=yyFxcTvBBu8,Em Ch√® ƒêTCL,https://yt3.ggpht.com/fMx4Byd097J-seUkhanyC6RUXYNuUvnZnh27hS-IVd7sHDLfGYsGk4wJnRyGgi6glP7p8lsbmg=s68-c-k-c0x00ffffff-no-rj,/@EmChe
114,SYLAS MONTAGE - BEST PLAYS S14,https://i.ytimg.com/vi/c6OATbo-ZIc/hqdefault.jpg?sqp=-oaymwEcCOADEI4CSFXyq4qpAw4IARUAAIhCGAFwAcABBg==&rs=AOn4CLClYyhiPY_pbClKYXejHZfuPtPsVw,/watch?v=c6OATbo-ZIc,Lolga Spotlight,https://yt3.ggpht.com/tET5ArSfyI1su2PtDlCP8_xkLrVYdtAnZaIvcHVw2szsj9MEwsjbakMsUUS5F4wEETtGdD2X=s68-c-k-c0x00ffffff-no-rj,/@LolGaSpotlight
115,T√¨m hi·ªÉu S·ª£i Carbon - V·∫≠t li·ªáu th·ªëng tr·ªã t∆∞∆°ng lai | Ch·ªâ v·ªõi 5 ph√∫t,https://i.ytimg.com/vi/v8kPMdu3K_o/hq720.jpg?sqp=-oaymwEcCNAFEJQDSFXyq4qpAw4IARUAAIhCGAFwAcABBg==&rs=AOn4CLA0H3qlVElsnHGAAWw9IjfUVvpbkg,/watch?v=v8kPMdu3K_o,KI·∫æN TH·ª®C TH√ö V·ªä Official,https://yt3.ggpht.com/cfpW83i5yoWeevAFdmW7hiyzIccHQMTtjNMGm84vVv6SalXZA9PZUXRwbGdpXZapwnZ7-sNKNQ=s68-c-k-c0x00ffffff-no-rj,/@KienThucThuVi
116,How to play Twitch in low Elo - Twitch Unranked to Diamond #1 | League of Legends,https://i.ytimg.com/vi/B1Qgxv9GH3o/hq720.jpg?sqp=-oaymwEcCNAFEJQDSFXyq4qpAw4IARUAAIhCGAFwAcABBg==&rs=AOn4CLCv1dvCN4vTw2i_dO-aVv5wVD864g,/watch?v=B1Qgxv9GH3o,Vapora Dark,https://yt3.ggpht.com/ytc/AIdro_lN87MijQOuUzzCgYE1H2fafSrs8swb_DZTEjOO6Q=s68-c-k-c0x00ffffff-no-rj,/@VaporaDark
117,ƒê√ÇU L√Ä N·ªòI T·∫†I ·∫¢O MA NH·∫§T TRONG LI√äN MINH HUY·ªÄN THO·∫†I?!! X·∫øp h·∫°ng n·ªôi t·∫°i ph·∫ßn 5,https://i.ytimg.com/vi/0_wNOvxl6ZA/hq720.jpg?sqp=-oaymwEcCNAFEJQDSFXyq4qpAw4IARUAAIhCGAFwAcABBg==&rs=AOn4CLC7y-Dy-7kVH-PooHbTF1Kz5_ku_A,/watch?v=0_wNOvxl6ZA,MG Gaming,https://yt3.ggpht.com/Ptad8xefJNkJcDuPrQfKD8M9BgZ1TMIY3h10kYMFP7ukdRua9ueoiHwbks9vxUC93qbE9M5YX2U=s68-c-k-c0x00ffffff-no-rj,/@mg_gaming616
118,How to Counter Horse Archers in a Land Battle (World Cup Strategy Tips),https://i.ytimg.com/vi/edhPamNlo2M/hq720.jpg?sqp=-oaymwEcCNAFEJQDSFXyq4qpAw4IARUAAIhCGAFwAcABBg==&rs=AOn4CLCquh3QlTn-lAdhlwm1hUVEx3ybJQ,/watch?v=edhPamNlo2M,FightMe,https://yt3.ggpht.com/ytc/AIdro_nbGRQKQHy0SNSNmkHta7oWob8nEWF3ShKEwvdp=s68-c-k-c0x00ffffff-no-rj,/@FightMeTotalWar
119,JHIN MONTAGE - HIT AND RUN,https://i.ytimg.com/vi/0N1fqcV5prk/hqdefault.jpg?sqp=-oaymwEcCOADEI4CSFXyq4qpAw4IARUAAIhCGAFwAcABBg==&rs=AOn4CLCddpBPNdonVw38wPyfFNbnL7bVVQ,/watch?v=0N1fqcV5prk,Lolga Spotlight,https://yt3.ggpht.com/tET5ArSfyI1su2PtDlCP8_xkLrVYdtAnZaIvcHVw2szsj9MEwsjbakMsUUS5F4wEETtGdD2X=s68-c-k-c0x00ffffff-no-rj,/@LolGaSpotlight
120,C√°c lo·∫°i xƒÉng 92 95 E5 c√≥ g√¨ kh√°c nhau? Hi·ªÉu ngay trong 5 ph√∫t,https://i.ytimg.com/vi/ugRmpK0zUqU/hq720.jpg?sqp=-oaymwEcCNAFEJQDSFXyq4qpAw4IARUAAIhCGAFwAcABBg==&rs=AOn4CLA76ziHAXFEoVzu8ouBs_2jmFCmmg,/watch?v=ugRmpK0zUqU,KI·∫æN TH·ª®C TH√ö V·ªä Official,https://yt3.ggpht.com/cfpW83i5yoWeevAFdmW7hiyzIccHQMTtjNMGm84vVv6SalXZA9PZUXRwbGdpXZapwnZ7-sNKNQ=s68-c-k-c0x00ffffff-no-rj,/@KienThucThuVi
121,THRESH MONTAGE - GOD PREDICT | Ez LoL Plays #1002,https://i.ytimg.com/vi/iwWkQyy2x10/hq720.jpg?sqp=-oaymwEcCNAFEJQDSFXyq4qpAw4IARUAAIhCGAFwAcABBg==&rs=AOn4CLBBwJ3ryrOPtpe6_PASTSVEYwZs2g,/watch?v=iwWkQyy2x10,Ez LoL Plays,https://yt3.ggpht.com/azCFME3K_-2Vp0kaZg3qLjwysWq6BUb8wSEV_gQr8c9TkdFxWSuIKFlh1vESOEOP6g12q8b5dlA=s68-c-k-c0x00ffffff-no-rj,/@EzLoLPlays
122,C√πng BEST BRIAR th·∫ø gi·ªõi h·ªçc ch∆°i v·ªã t∆∞·ªõng ƒëi r·ª´ng c√≥ WR CAO TH·ª® 2 LMHT,https://i.ytimg.com/vi/C6I9Axsct0I/hq720.jpg?sqp=-oaymwEcCNAFEJQDSFXyq4qpAw4IARUAAIhCGAFwAcABBg==&rs=AOn4CLBslMUAx7nTHjUKl4Zufdpp-JLcYQ,/watch?v=C6I9Axsct0I,TT1,https://yt3.ggpht.com/y9Igh-XF4Eumo47VrICwB5qPT-c4I_ZjW0iDwPzW3I8KHz4zfDBr5nJwM3JkCJL1poyd2s3-=s68-c-k-c0x00ffffff-no-rj,/@tt13768
123,Learn Flexbox CSS in 8 minutes,https://i.ytimg.com/vi/phWxA89Dy94/hq720.jpg?sqp=-oaymwEcCNAFEJQDSFXyq4qpAw4IARUAAIhCGAFwAcABBg==&rs=AOn4CLAL594xnzDxBMGe2ktZoTr_uJVnkQ,/watch?v=phWxA89Dy94,Slaying The Dragon,https://yt3.ggpht.com/rn6FdUja6V224On4xyuSgcUrQyTPAHaUBA3MQmLr-ChvxSGeCmdGTvkZvJXjvgO-uZc1cxqS=s68-c-k-c0x00ffffff-no-rj,/@slayingthedragon
124,AURELION SOL MONTAGE #2 - DELETE,https://i.ytimg.com/vi/RtebnngGq0c/hqdefault.jpg?sqp=-oaymwEcCOADEI4CSFXyq4qpAw4IARUAAIhCGAFwAcABBg==&rs=AOn4CLCTpylwEDVjv479IgP5DkcUqoqpsg,/watch?v=RtebnngGq0c,Lolga Spotlight,https://yt3.ggpht.com/tET5ArSfyI1su2PtDlCP8_xkLrVYdtAnZaIvcHVw2szsj9MEwsjbakMsUUS5F4wEETtGdD2X=s68-c-k-c0x00ffffff-no-rj,/@LolGaSpotlight
125,T√¨m hi·ªÉu v·ªÅ B·ªô m√°y nh√† n∆∞·ªõc Vi·ªát Nam - Ai quy·ªÅn l·ª±c nh·∫•t?,https://i.ytimg.com/vi/5Zf9l_V1Jwg/hq720.jpg?sqp=-oaymwEcCNAFEJQDSFXyq4qpAw4IARUAAIhCGAFwAcABBg==&rs=AOn4CLBCETkVqHwqHocCTY5DIxu19gqdbw,/watch?v=5Zf9l_V1Jwg,KI·∫æN TH·ª®C TH√ö V·ªä Official,https://yt3.ggpht.com/cfpW83i5yoWeevAFdmW7hiyzIccHQMTtjNMGm84vVv6SalXZA9PZUXRwbGdpXZapwnZ7-sNKNQ=s68-c-k-c0x00ffffff-no-rj,/@KienThucThuVi
126,League of Legends Season 1 Ranked game Jarvan,https://i.ytimg.com/vi/0uskD9fvO78/hq720.jpg?sqp=-oaymwE2CNAFEJQDSFXyq4qpAygIARUAAIhCGAFwAcABBvABAfgB_gmAAtAFigIMCAAQARhYIDgofzAP&rs=AOn4CLDh3U0WN97nXpQcTuyJAoSWWte4vg,/watch?v=0uskD9fvO78,Steven L,https://yt3.ggpht.com/_C9KVkbL6mvVS-_CZ9Ind3B1jNLR_iGeGPb81fTqXS0xuQUPUgrEGICykV_HaB07AT4bCRzlFA=s68-c-k-c0x00ffffff-no-rj,/@StevenLesh
127,V√¨ Sao Kh√¥ng C√≥ Game G√≥c Nh√¨n TH·ª® HAI?,https://i.ytimg.com/vi/ZrJpXd9juJE/hq720.jpg?sqp=-oaymwEcCNAFEJQDSFXyq4qpAw4IARUAAIhCGAFwAcABBg==&rs=AOn4CLDm0jyz49F4Ikq_eCOPx3NOp3mxEg,/watch?v=ZrJpXd9juJE,Game C·ª±c Hay,https://yt3.ggpht.com/rJXoQ0wJH2ZF7K2iWjTTsTLAWhL2yZwJ0XHZfUfCQDPyCEJy06o77_Se_g9Y_T6Ju-TWXbid=s68-c-k-c0x00ffffff-no-rj,/@GameCucHay
128,100+ Docker Concepts you Need to Know,https://i.ytimg.com/vi/rIrNIzy6U_g/hq720.jpg?sqp=-oaymwEcCNAFEJQDSFXyq4qpAw4IARUAAIhCGAFwAcABBg==&rs=AOn4CLDLbYuEaDH3EW0OtRk29BBVBczWoQ,/watch?v=rIrNIzy6U_g,Fireship,https://yt3.ggpht.com/ytc/AIdro_ltOWCZT10fChupyd1atupxII0RoP97CwYGr0Gphw=s68-c-k-c0x00ffffff-no-rj,/@Fireship
129,How to Play Twitch in Season 14 [Full Guide],https://i.ytimg.com/vi/BPl8s_br5Ec/hq720.jpg?sqp=-oaymwEcCNAFEJQDSFXyq4qpAw4IARUAAIhCGAFwAcABBg==&rs=AOn4CLCCkGB30Sggfw3SE84swWivb4iXcQ,/watch?v=BPl8s_br5Ec,MissFortuneDaBes,https://yt3.ggpht.com/ytc/AIdro_mFYsb7C1o-X5qLHh0lYBNSLZjggIZwN21wNfN-Qw=s68-c-k-c0x00ffffff-no-rj,/@MissFortuneDaBes
130,L·∫°m ph√°t l√† g√¨? - Hi·ªÉu v·ªÅ l·∫°m ph√°t trong 5 ph√∫t,https://i.ytimg.com/vi/kDdwY-iPmxY/hq720.jpg?sqp=-oaymwEcCNAFEJQDSFXyq4qpAw4IARUAAIhCGAFwAcABBg==&rs=AOn4CLDvTpGDZRo5UM1smaEsTmGrCBXRNQ,/watch?v=kDdwY-iPmxY,KI·∫æN TH·ª®C TH√ö V·ªä Official,https://yt3.ggpht.com/cfpW83i5yoWeevAFdmW7hiyzIccHQMTtjNMGm84vVv6SalXZA9PZUXRwbGdpXZapwnZ7-sNKNQ=s68-c-k-c0x00ffffff-no-rj,/@KienThucThuVi
131,Kayle Mid vs Katarina - NA Master Patch 14.5,https://i.ytimg.com/vi/VxXL85vUhR8/hq720.jpg?sqp=-oaymwEcCNAFEJQDSFXyq4qpAw4IARUAAIhCGAFwAcABBg==&rs=AOn4CLB9yi5AoOC6d5_2Slt4pWzav5V_IA,/watch?v=VxXL85vUhR8,Challenger Replays,https://yt3.ggpht.com/ytc/AIdro_nUDzn2kxzuK8BTgI9uUQEAw6m9JcTNqA0yEL_W=s68-c-k-c0x00ffffff-no-rj,/@ChallengerReplays
132,SQL Injections are scary!! (hacking tutorial for beginners),https://i.ytimg.com/vi/2OPVViV-GQk/hq720.jpg?sqp=-oaymwEcCNAFEJQDSFXyq4qpAw4IARUAAIhCGAFwAcABBg==&rs=AOn4CLDoPf7xXEDVsogUr-b_nbZESWQ47A,/watch?v=2OPVViV-GQk,NetworkChuck,https://yt3.ggpht.com/ytc/AIdro_lUWCdtX-DVvLxWMK-gY-p24JNKmrCtKX_s404uMg=s68-c-k-c0x00ffffff-no-rj,/@NetworkChuck
133,How To Learn Hacking - a Full Guide  (2024),Unknown,/watch?v=z7LdMQT_Hes,CyberFlow,Unknown,/@CyberFlow10
134,Cu·ªôc s·ªëng kh·ªën kh·ªï c·ªßa nh·ªØng ng∆∞·ªùi ch∆°i AD,Unknown,/watch?v=VtY1pdLRtDk,Rumple Not Rumble,Unknown,/@RumpleNotRumble
135,T√≠nh x·∫•u c·ªßa nhi·ªÅu ng∆∞·ªùi Vi·ªát,Unknown,/watch?v=l9uok02kerc,KI·∫æN TH·ª®C TH√ö V·ªä Official,Unknown,/@KienThucThuVi
136,BeiFeng : Im Akali Professor in China - Engsub,Unknown,/watch?v=eW6kYMsCs0k,Libra CN LOL ,Unknown,/@libracnlol
137,PzZZang Yasuo Montage 2024 - Best Yasuo KR,Unknown,/watch?v=y7CMrfQT-MA,The Legends,Unknown,/@TheLegendsLOL
138,Jhin Unranked to Diamond #4 - Jhin ADC Gameplay Guide | Best Jhin Build & Runes Season 14,Unknown,/watch?v=ydqwDGsXfXw,Vapora Dark,Unknown,/@VaporaDark
139,God-Tier Developer Roadmap,Unknown,/watch?v=pEfrdAtAmqk,Fireship,Unknown,/@Fireship
140,M·ªπ ƒë√£ l√†m g√¨ ƒë·ªÉ bi·∫øn USD th√†nh ƒë·ªìng ti·ªÅn quy·ªÅn l·ª±c nh·∫•t h√†nh tinh ?,Unknown,/watch?v=FCyfRYbcg6Q,KI·∫æN TH·ª®C TH√ö V·ªä Official,Unknown,/@KienThucThuVi
141,SAMIRA MODO DIOS EN CHALLENGER .. ¬°EL MEJOR JUGADOR DE SOLOQ EN NA!,Unknown,/watch?v=pVUHDknFQY8,Nick Daboom,Unknown,/@nickdaboom
142,ÏßÑÏßú Íæ∏Ï§ÄÌûà ÌÇ§Í∏∞ 1ÏùºÏ∞® Hello,Unknown,/watch?v=06eur2SXR3U,ÌîÑÏ†úÏß± PzZZang,Unknown,/@pzzzang3
143,Luy·ªán PE PRN211 FPT 8/2023,Unknown,/watch?v=f8xtq81VJ8c,FlexiLearn - EXPAND YOUR KNOWLEDGE. YOUR WAY,Unknown,/@fl.knowledge
144,Docker networking is CRAZY!! (you NEED to learn it),Unknown,/watch?v=bKFMS5C4CG0,NetworkChuck,Unknown,/@NetworkChuck
